d,decile,lo,hi,n,mean_L,ci_lo,ci_hi
2,1,0.037977281012544495,0.5483642083210875,2182,1.6000018802727625,1.4446201170834871,1.751908990018395
2,2,0.5483642083210875,1.0084639259676962,2181,1.5256006022800936,1.3881258000838352,1.656849757395158
2,3,1.0084639259676962,1.5003103602925418,2183,1.7546534928617528,1.6207735869432958,1.883861603939412
2,4,1.5003103602925418,2.1014478957874516,2180,2.0659971308240963,1.933698890947384,2.2313132202802826
2,5,2.1014478957874516,2.7603299656208407,2183,2.403411400580371,2.26136986313355,2.5796616350144146
2,6,2.7603299656208407,3.5882405119606418,2181,2.733778436135647,2.578761636379358,2.8965939943271466
2,7,3.5882405119606418,4.818070227564206,2182,3.1890130975220807,3.026891589586571,3.372388447642481
2,8,4.818070227564206,6.767981855992928,2182,3.6523482199151793,3.472128233500199,3.862654343758462
2,9,6.767981855992928,10.772504519848948,2182,4.81961875532774,4.569422241734447,5.086863856052552
2,10,10.772504519848948,69.7748361659796,2182,7.001467863515547,6.584468491526014,7.458968782250933
4,1,0.016210039931372933,0.46024700028844734,2041,1.4756356067264795,1.3340476825997518,1.614121096219846
4,2,0.46024700028844734,0.9183883109379224,2053,1.6803032861268095,1.5074045033627173,1.8421338840512105
4,3,0.9183883109379224,1.3751381757860202,2044,1.7440861526624585,1.6131632741731978,1.8856182156576662
4,4,1.3751381757860202,1.8408257885219754,2049,1.9296706900622635,1.7958470597456913,2.0848235241938653
4,5,1.8408257885219754,2.4820138124203197,2047,2.314967412145679,2.1742077028136158,2.4722074052962557
4,6,2.4820138124203197,3.2556736925759306,2047,2.634019965787815,2.4765157841212435,2.7999856730896493
4,7,3.2556736925759306,4.233091488248455,2047,2.9060835699784553,2.737084113736427,3.0966182325577902
4,8,4.233091488248455,5.803552702144414,2047,3.4698948602497826,3.290883396658091,3.6691570435553564
4,9,5.803552702144414,9.010992889275842,2047,4.355017695273126,4.105973640070561,4.594782914410647
4,10,9.010992889275842,69.7748361659796,2047,6.577086260156865,6.180457818241526,6.9954946809387435
8,1,0.03306407532512878,0.3668506098803803,1461,1.4092864855481337,1.2526643592489515,1.5789626716820726
8,2,0.3668506098803803,0.7067825945575805,1462,1.5885109016307373,1.4402583574244647,1.7427506858693285
8,3,0.7067825945575805,1.0122277588650803,1461,1.7776582216492312,1.6093297900394967,1.9378299785904756
8,4,1.0122277588650803,1.3777985904178536,1462,2.151742572817471,1.9200754210387407,2.3655907984753735
8,5,1.3777985904178536,1.8214097036473476,1461,2.003469581241469,1.837258089949744,2.180727568920477
8,6,1.8214097036473476,2.3129503966467353,1463,2.2777135678242355,2.119838529969808,2.461393359782189
8,7,2.3129503966467353,2.997117959487,1461,2.889973322366335,2.6632001548925985,3.1230020587764877
8,8,2.997117959487,4.041451952195146,1461,3.215141780368667,2.9787812923361594,3.4500105325682546
8,9,4.041451952195146,6.0248628238894,1462,4.0169558426018686,3.7510776922264024,4.32171105460238
8,10,6.0248628238894,54.773645946269816,1462,5.9416760256084595,5.5631069477463155,6.316995645725186
